楼盘名称,平米数,总价,单价
东城
安定门京香福苑南北通带车位有钥匙,119.76平米,1580,"131,931元/平"
央产房南北三居带客厅 采光充足 交通便利 随时看,72.03平米,680,"94,406元/平"
新奥洋房 近地铁 满五唯一东西通透两居,92.08平米,828,"89,922元/平"
左安漪园2005年商品房社区，满五年唯一的南北通透,133.04平米,1400,"105,232元/平"
龙潭西里-中间楼层-临湖-满五唯一-精装修,46.98平米,495,"105,364元/平"
东城区二环内 天坛北门 桥湾地铁站 金鱼池西区南北2居,61.85平米,620,"100,243元/平"
新中西街，西南向一居，好楼层不临街，成本低可贷款,44.71平米,458,"102,438元/平"
南北通透四居室 明厨明卫 满五年唯一,88.67平米,1110,"125,184元/平"
北小街8号院  高楼层  南北三居    无遮挡   精装修,90.76平米,910,"100,265元/平"
豆瓣胡同 精装修两居 商品房满五年唯一住房 采光好,71.64平米,878,"122,558元/平"
法华南里 南北通透精装两居 采光好诚心出售,81.68平米,799,"97,821元/平"
东城 东直门东方银座 一居室 户型方正,77.74平米,639,"82,198元/平"
东直门南大街满五唯一高层电梯直达南向三居室诚意出售,89.39平米,836,"93,523元/平"
中绦胡同甲2号院 正规两居 中间楼层 采光好,59.15平米,750,"126,797元/平"
正东国际大厦七十年产权，东城区房本,146.93平米,458,"31,172元/平"
禾风相府 花园式小区 人车分流,96.26平米,1250,"129,857元/平"
航空部大院 民旺园明厨明卫客厅带窗两居室 业主诚售,60.05平米,730,"121,566元/平"
1995年东城区二环内龙体单价7万小三居中间楼层精装,64.24平米,459,"71,451元/平"
此房格局方正，南北通透户型方正，双朝南阳台不算面积,77.54平米,730,"94,145元/平"
花市枣苑 南北通透大三居 前后花园 诚心卖,140.33平米,1698,"121,001元/平"
和平里六区3居室 小区品质高 楼层高 视眼好 采光好,121.73平米,1399,"114,927元/平"
东城和平里区域 精装修大三居 层高2.7米,148.9平米,1060,"71,189元/平"
富莱茵花园 正规大三居 中间楼层采光好,148.63平米,930,"62,572元/平"
花市枣苑三期 东向 双卫两居 采光好,113.23平米,1260,"111,278元/平"
兴隆都市馨园满五唯一  全南两居室采光视野好,68.27平米,660,"96,675元/平"
北新仓胡同 满五年 南北两居双卧朝南 无遮挡 采光好,64.89平米,850,"130,991元/平"
东城区永定门外望陶园小区带电梯中楼层满五唯一,107.38平米,749,"69,753元/平"
仓南胡同小区东南两居室 满五年家庭唯一 带租赁车位,71.39平米,888,"124,388元/平"
法华南里 485万的三层一居室 94年楼 不临街,47.56平米,485,"101,977元/平"
和平里一区 精装修 东西通通 全明格局 诚售中,58.99平米,650,"110,189元/平"
光明中街 ，满五唯一 婚房装修 中间楼层 诚心出售,54.37平米,550,"101,159元/平"
南二环 东城区 景泰东里 南北通透精装修两居电梯房,67.7平米,518,"76,515元/平"
南北通透，采光好，外交部街，低楼层两居室出售。,55.12平米,630,"114,297元/平"
金桥国际 1室1厅 南,62.78平米,510,"81,237元/平"
南北通透两居 商品房 满五年唯一 采光好 无遮挡,63.66平米,728,"114,358元/平"
朝阳门内 西水井胡同 南北通透 两居室 满五年,74.31平米,755,"101,602元/平"
交东小区，南北三居室，满五年唯一，全明格局。,81.45平米,1080,"132,597元/平"
东城区两居室带客厅 全明格局  楼龄新 不临街 满5唯1,60.68平米,738,"121,622元/平"
禾风仕家 花园小区 人车分流 商品房,158.81平米,1350,"85,008元/平"
安定门 安德里北街25号院 带电梯三居室,87.98平米,799,"90,817元/平"
4层跃5层南北复式，采光视野好，位置好不临街,102.97平米,890,"86,433元/平"
春秀路小区 南北通透 明厨明卫 三室一厅,88.47平米,821,"92,800元/平"
青年湖旁 花园社区  视野开阔直观北京城 电梯直达,146.65平米,1920,"130,924元/平"
北二环内 中轴线附近 京香福苑 安交板块 电梯复式,214.94平米,2600,"120,964元/平"
天娇园南北通透方正格局两居室，满五唯一不临街,107.41平米,1150,"107,067元/平"
禾风相府封闭式商品房小区，高层带电梯的，视野开阔，,163.81平米,2550,"155,669元/平"
唯一板楼单元，精装修，南北通透，满五唯一,138.55平米,1730,"124,865元/平"
恒基中心 3室2厅 西北,168.41平米,1050,"62,348元/平"
精装修拎包入住三居室只有契税可多贷款,168.41平米,1150,"68,286元/平"
总监力荐，50万精装修南北通透两居室,57.9平米,589,"101,728元/平"
灯市口，近公园，闹中取静，满五唯一，中楼层一居室,38.31平米,439,"114,592元/平"
革新里小区 满五唯一商品房 诚意出售,41.94平米,330,"78,684元/平"
金桥国际 1室0厅 南,47.99平米,450,"93,770元/平"
和平里七区 南北通透 中间楼层 前后不临街,57.08平米,681,"119,307元/平"
仓南胡同  南北通透中间楼层 格局方正采光好通风好,68.63平米,890,"129,681元/平"
东直门海运仓小区中间楼层全南一居无遮挡业主诚意出售,47.84平米,638,"133,362元/平"
商品房房本，南向没遮挡，只有契税，出行便利，随时看,59.89平米,668,"111,538元/平"
和平里三区 南北通透 中间楼层,58.18平米,788,"135,442元/平"
永定门富莱茵花园南北通透两居室带车位,62.01平米,478,"77,085元/平"
中海紫御公馆 2室1厅 东 北,60.72平米,710,"116,931元/平"
东城区 二环边 三元街甲19号院 低楼层 满五年唯一,56.6平米,451,"79,682元/平"
湖景苑，商品房小区，管理好，有品质，高楼层，配套好,76.77平米,850,"110,721元/平"
东城区 2015年小区 全南两居室 满五年唯一 采光视野好,67.82平米,550,"81,098元/平"
满5唯一双卧朝南，带落地阳台，景观好,87.28平米,930,"106,554元/平"
"安化北里,全南两居室，中楼层采光好",51.69平米,526,"101,761元/平"
都市馨园中楼层采光好朝南一居室商本,52.76平米,508,"96,286元/平"
东城区 南向两居 满五年唯一 中间楼层无遮挡,84.57平米,760,"89,867元/平"
东城区 南北通透小两居 中间层 满五年唯一 1990年楼龄,57.84平米,409,"70,713元/平"
东城左安漪园2005年小区 带电梯东南朝向,85.99平米,809,"94,081元/平"
和平里交通部林业部大院南北通透两居室,59.76平米,690,"115,462元/平"
煤渣胡同 东单 协和医院 步行街 南北向三居 带电梯,72.85平米,908,"124,640元/平"
北官厅胡同，南向两居室，精装修，小区管理好，能停车,59.18平米,626,"105,779元/平"
和平里东城区九三学园，优质两居，南北通透不临街,58.53平米,598,"102,170元/平"
东城区 甘水桥 三居室 有电梯,74.62平米,730,"97,830元/平"
新上 安外东河沿 双南向精装两居 采光好 小区管理好,64.64平米,798,"123,453元/平"
安化北里正规一居室，满五唯一，地铁边,37.12平米,435,"117,188元/平"
国瑞城东区经典小两居，温馨装修拎包入住，诚意出售,67.69平米,755,"111,538元/平"
天娇园商品社区3个落地阳台 采光好 拎包入住 带车位哦,91.71平米,1050,"114,492元/平"
央产房，视野好，电梯直达。有停车位,61.61平米,758,"123,032元/平"
通透两居室，无遮挡，采光好，单独管理,56.76平米,480,"84,567元/平"
东城区，安外大街3号院电梯两居室，楼龄新，诚心卖,48.56平米,539,"110,997元/平"
崇文门东大街正规南北三居室，满五唯一无遮挡,76.38平米,729,"95,444元/平"
东城区 富莱茵花园 正规两居室 东南向 出行方便,71.71平米,530,"73,909元/平"
东城天坛旁 商品房大2居 采光好 视野开阔 满五年唯一,105.95平米,822,"77,584元/平"
新景家园东区 南北通透 高层视野好 满五年唯一精装,78.03平米,999,"128,028元/平"
长安街北 南北三居  保养好 精装拎包入住 单独管理,73.72平米,727,"98,617元/平"
东城区 东二环 商品房本 满五唯一 有地铁 诚心出售,71.43平米,690,"96,599元/平"
此房是满五年的央产房，低楼层，三居室，格局合理,61.33平米,710,"115,768元/平"
2009年 一梯三户带电梯 楼层高没遮挡采光好 交通便利,63.75平米,669,"104,942元/平"
东二环东方银座高层一居室东向视野开阔,77.74平米,610,"78,467元/平"
领行国际 2005年商品房 高楼层 视野开阔 不临街 安静,104.99平米,839,"79,913元/平"
东城 前门 崇文门 电梯直达 高楼层三居室 看房方便,60.27平米,570,"94,575元/平"
中海紫御公馆5号楼把边南北两居 装修保养新,92.25平米,1298,"140,705元/平"
楼龄2002年，人车分流，永定门外地铁站，双超市环绕,86.07平米,698,"81,097元/平"
东城区二环内，2004年楼龄，朝南向两居，采光好不临街,52.22平米,589,"112,793元/平"
崇文门东大街 全南两居室 高层视野光线好 满五唯一,55.65平米,560,"100,629元/平"
精装修 南北通透两居室 采光好无遮挡 随时签约,39.54平米,385,"97,370元/平"
广渠家园，东城区，2009年建成，二环外，带车位,71.15平米,668,"93,887元/平"
朝西大两居，无遮挡，购房成本低，龙潭中湖公园,102.78平米,1021,"99,339元/平"
安化北里  南北通透   视野宽阔  满五年唯一,57.69平米,558,"96,724元/平"
商品房 满五唯一 落地大阳台  楼层好 装修好 采光好,55.4平米,620,"111,914元/平"
东城和平里 南北两居中间层 成本价可贷款 94年近地铁,55.76平米,695,"124,642元/平"
南北两居室 楼层好 采光好 小区安静宜居 满五唯一,55.91平米,628,"112,324元/平"
青年湖 1997年电梯房，满五年 业主诚意卖,98.71平米,1090,"110,425元/平"
华龙美晟  西南向大两居  格局方正  得房率81.5%,81.71平米,735,"89,953元/平"
夕照寺西里 固定车位 满五唯一 花园环境,62.99平米,535,"84,935元/平"
二环里东城！只有契税！精装修，商品房，高楼层！,85.18平米,698,"81,945元/平"
满五唯一 全明户型 采光全年没有遮挡 不临街 中间楼层,64.3平米,768,"119,441元/平"
东直门 东四十条 二环内 2层大一居 东南向 小区安静,50.7平米,550,"108,482元/平"
地坛北里双南向一层两居室，全明格局，采光好,52.81平米,678,"128,385元/平"
东城 崇文门西大街 全南两居室,48.11平米,500,"103,929元/平"
此房满五年唯一，格局合理，精装，动静分离，双卫！,129.15平米,820,"63,493元/平"
永定门东街西里 楼层好，满五唯一，全明格局。,53.26平米,420,"78,859元/平"
东城区二环里精装修南北全名两居室诚意出售,50.77平米,436,"85,878元/平"
板桥胡同南北通透的两居室，中间楼层，满五唯一,54.67平米,558,"102,067元/平"
东单 协和医院  南北通透三居 满五唯一,69.94平米,785,"112,240元/平"
南北通透两居 前后无楼挡  视野采光好,73.85平米,830,"112,390元/平"
崇文门新景家园正规两居，小区中间，采光好，无遮挡,81.37平米,868,"106,674元/平"
全明全凸三居对小区花园明亮通透，精装没住过,92.79平米,1050,"113,159元/平"
此房满五年的商品房1996年建成，交通便利，地铁300米,57平米,770,"135,088元/平"
华城地暖小两居满五唯一适合小家庭居住,79.56平米,915,"115,008元/平"
安化北里东南北向两居地铁7号线广渠门内,55.63平米,519,"93,295元/平"
国瑞城中区南北通透两居，全明格局，业主诚售随时看房,82.6平米,925,"111,986元/平"
东城广渠门广渠家园西向高楼层两居室,71.43平米,678,"94,919元/平"
东城区带电梯、有客厅、正南向、精装修两居室,58.3平米,508,"87,136元/平"
恒基中心 朝东大两居 精装修  满五唯一,96.18平米,820,"85,257元/平"
东单协和【中国海关】电梯直达三居室 视野开阔采光好,82.26平米,710,"86,312元/平"
东城区二环里天坛南门一层精装修产权清晰全明格局。,53.26平米,463,"86,933元/平"
新上南北通透，靠谱卖，低层省去爬楼，产权清晰,50.12平米,549,"109,538元/平"
龙体区域 通透两室一厅 2层 1995年建,62.18平米,550,"88,453元/平"
东城 崇文门 南北通透三居室 高层电梯满五唯一,65.29平米,695,"106,449元/平"
老东城 景东 朝南2居 满五唯一 高层 视野开阔 采光好,66.47平米,749,"112,683元/平"
青年湖西里，40W婚房精装修！采光好，中间层,55.2平米,690,"125,000元/平"
兴隆都市馨园 1室1厅 南,53.15平米,518,"97,461元/平"
总监推荐   安贞苑50号院   楼龄新   南北向   采光好,65.65平米,786,"119,726元/平"
南向无遮挡 满五唯一商品房 永定门外地铁站 装修不错,43.16平米,375,"86,887元/平"
东直门海晟名苑北区，西向开间精装修拎包入住人车分流,45.62平米,463,"101,491元/平"
453万，二环里，东城区，04年小区，落地窗！,49.36平米,453,"91,775元/平"
东城区永定门外地铁口南向满五唯一商品房,40.96平米,346,"84,473元/平"
和平里中街3号院高楼层两居室有电梯楼龄新有地库,75.82平米,868,"114,482元/平"
中科院家属楼，精装南北通透挂西窗全明格局楼层采光好,76.97平米,899,"116,799元/平"
东城区，户型方正，2居室，随时签约,40.39平米,478,"118,347元/平"
东城区，南北通透两居室，大客厅，中间层，无遮挡。,70.61平米,465,"65,855元/平"
前门正义路 东南西 三面采光 成本价 有钥匙 产权清晰,72.77平米,700,"96,194元/平"
新景家园西区 全凸南向大一居 精装修满五年 只有契税,56.74平米,659,"116,144元/平"
东直门外小户型一居室诚意出售，业主承担1%服务费,38.53平米,406,"105,373元/平"
东城 悠胜美苑 精装一居室 楼龄新 不临街,64.44平米,555,"86,127元/平"
新上十字坡东里 南向中间层，看房方便， 采光棒无遮挡,37.73平米,485,"128,545元/平"
光明楼，南北通透一居明厨明卫，满五年唯一楼龄新,42.1平米,470,"111,639元/平"
工人日报社一居室，楼龄新小区好,39.68平米,485,"122,228元/平"
西城
文兴东街3号院 建筑设计院家属楼 南北通透 满5年,51.9平米,616,"118,690元/平"
南礼士路甲62号院  小区环境好 前后不临街 采光好,61.5平米,750,"121,952元/平"
1984年展览路全明两居室 把边亮堂 随时签约,55.3平米,690,"124,774元/平"
爱民里小区  南北通透大三居  采光好  诚心出售,96.8平米,1290,"133,265元/平"
阜成门外北四巷南北通透四居室，采光好,121.2平米,1330,"109,736元/平"
总监推荐西城鸭子桥南里南北通透3居室满五年唯一,60.39平米,485,"80,312元/平"
永居东里  中间楼层，朝东两居室,43.9平米,429,"97,723元/平"
三面采光 满五一套 中低楼层 产权干净 1公里内配套全,64.3平米,820,"127,528元/平"
三里河东路7号院  满五年唯一  南向 精装修  月坛商圈,51.3平米,690,"134,503元/平"
北顺城街11号院  南北通透  全明格局三居室,63.4平米,811,"127,918元/平"
新街口西里三区中间层客厅大一局室,51.15平米,618,"120,822元/平"
复兴门北大街  电梯直达 采光好,77.5平米,990,"127,742元/平"
三里河三区中间楼层南向带装修，改造过能停车,50平米,798,"159,600元/平"
马连道路甲18号院，南北通透，非顶层，无遮挡，视野好,62.31平米,499,"80,084元/平"
西城区 南北通透两居 明厨明卫 近地铁,54.71平米,529,"96,692元/平"
月坛北街 老业主 满五唯一 房本面积和使用面积一样大,47.4平米,720,"151,899元/平"
2008年建成考拉社区大满五年唯一商品房,60.83平米,555,"91,238元/平"
格调小区西南两居室高楼层朝向好户型方正,108.05平米,1198,"110,875元/平"
西城区 广外三义东里 南北通透三居室 中间楼层,60.34平米,580,"96,122元/平"
阜成门田字格三居精装修中间层无遮挡,92.6平米,990,"106,912元/平"
京剧院宿舍  电梯直达，西南向大客厅  卫生间干湿分离,64.8平米,830,"128,087元/平"
满五年唯一正规两居室，主朝西向，采光好，小区环境好,78.18平米,930,"118,957元/平"
汽南小区楼龄新南北向无遮挡不临街满五年央产房,84.7平米,1150,"135,774元/平"
信和嘉园 2008年商品房小区 高层板楼 两梯五户,122.98平米,1560,"126,850元/平"
展览路单独管理的院 停车方便 视野好,67.6平米,615,"90,977元/平"
核桃园田字格三居室，满五唯一 交通便利,75.24平米,700,"93,036元/平"
塔院胡同12号院优质两居室，南北通透，满五年唯一,57.3平米,725,"126,528元/平"
铁道部家属楼 小区安静 带电梯南北两居室,70.7平米,915,"129,421元/平"
西城 文联宿舍 电梯3居 看房方便,80.6平米,1250,"155,087元/平"
凯迪尚府  2012年商品房  精装修  业主诚心出售,85.95平米,1325,"154,160元/平"
新街口七条15号院 近地铁 小两居,48.1平米,570,"118,504元/平"
西城区 南北通透 满五年 低楼层 临地铁和莲花池公园,57.74平米,488,"84,517元/平"
乐城满五年唯一商品房三居室，西南向，高楼层,105.81平米,940,"88,839元/平"
贵都国际 1室1厅 东南,133.55平米,520,"38,937元/平"
长椿街地铁 精装修  中高楼层 电梯直达 东南三居室,87.86平米,980,"111,542元/平"
壹J   南边纵观陶然亭公园，户型方正四居室,188.27平米,3125,"165,986元/平"
新明嘉园 南北向三居室 2000年建成 精装修,103.1平米,730,"70,806元/平"
陶然亭 万和世家 04年商品房 满五年唯一 看房有钥匙,136.85平米,2000,"146,146元/平"
新外大街甲8号院优质三居室，南北通透,89.8平米,1050,"116,927元/平"
物资部大院  南北通透四居室  满五唯一商品房,114平米,1590,"139,474元/平"
西城德胜门 03年安德馨居 满五唯一两南一北三居,90.25平米,1360,"150,693元/平"
视野好 改善大三居 观景房 客厅大 西向对着莲花河边！,156.81平米,1200,"76,526元/平"
西单 西绒线 满五年唯一住房，采光好 楼龄新 使用率高,139.94平米,1360,"97,185元/平"
北礼士路南区   南北3居室  好楼层 楼龄新,80.1平米,880,"109,863元/平"
区域聚焦 总监力荐 德外大街乙12号院 南北通透3居室,71.1平米,1082,"152,181元/平"
馨莲茗园 精装一居室无遮挡 光线好 诚心出售 满五唯一,64.28平米,550,"85,564元/平"
2000年  西城教委  低楼层 满五唯一只有契税,95.1平米,1588,"166,983元/平"
白广路二条4号院  单独一个院，诚意出售，随时签约,85.63平米,650,"75,908元/平"
宣武门西大街南区 满五唯一 南北两居,50.85平米,499,"98,132元/平"
白广路西里小区  东西通透  无遮挡  中间楼层 楼龄新,57.21平米,610,"106,625元/平"
建功北里四区 电梯直达 东向一居室 户型方正 随时签约,48.15平米,499,"103,635元/平"
宣武门西大街  双南朝向无遮挡 满五唯一 近地铁,57.16平米,580,"101,470元/平"
新街口西里三区 低楼层南向 满五唯一精装修,56.25平米,730,"129,778元/平"
邱家胡同小区 全南两居室 光线充足,59.5平米,798,"134,118元/平"
二环内未来家园精装修三居室，户型方正采光充足,163.36平米,1499,"91,761元/平"
羊肉胡同120号院 低楼层南北三居室 诚意出售,81.8平米,1120,"136,920元/平"
优质！月坛三里河东路7号院，中间层,63.3平米,769,"121,485元/平"
物资部大院 南北通透 精装 两居室,61.1平米,830,"135,843元/平"
白云桥天宁寺，正规一居低总 价，满五唯一，有钥匙。,44.56平米,410,"92,011元/平"
西直门外大街国家京剧院宿舍南北通透精装修一居室,40.7平米,470,"115,480元/平"
西城广外远见名苑，精装自住拎包入住。,48.61平米,469,"96,483元/平"
三义东里 朝南1居室 视野开阔 采光好 精装修 交通便利,38.99平米,455,"116,697元/平"
满五年唯一 中楼层 精装修  南向一居 无遮挡,39.3平米,630,"160,306元/平"
陶然亭 黑窑厂西里 南北两居 加固面积 无遮挡,49.43平米,692,"139,996元/平"
满五年唯一 东南日照时间长 高层视野好,89.58平米,1320,"147,355元/平"
二环内，南北通透精装两居，低楼层，满五唯一,57.68平米,635,"110,091元/平"
安定门安德路 花园里南北大三居 独院管理 楼道干净,151.59平米,2200,"145,129元/平"
红莲晴园 2室1厅 西南,74.14平米,776,"104,667元/平"
清芷园 东向两居 户型方正 观小区花园,90.09平米,1125,"124,876元/平"
天宁寺东里 2室1厅 南 北,57.36平米,480,"83,683元/平"
电梯房采光贼好 双卧朝南精装修直接入住 满五年唯一,58.9平米,855,"145,162元/平"
荣丰2008南向复式，满五唯一，屋内阳光充足，业主诚售,35.35平米,528.8,"149,590元/平"
政泰家园 西城区 2004年小区 落地窗,75.8平米,520,"68,602元/平"
鸭子桥北里 西北一居 98年钢混 诚心出售,49.52平米,429,"86,632元/平"
新上！西直门南大街 社科院央产房 独立小区 近地铁,82.9平米,1098,"132,449元/平"
过五年无二套 好楼位好楼层好采光 随时签约随时看房,64.05平米,710,"110,851元/平"
西城区-丽泽2008年茗筑小区满五唯一中间楼层,99.19平米,810,"81,662元/平"
南礼士路二条2号院精装修一居 房龄新带车位,82.52平米,979,"118,638元/平"
月坛北街南北2居，精装中间楼层,53.3平米,726,"136,211元/平"
大区总监主推房源新明胡同电梯三居室观景漂亮停车方便,79.8平米,1080,"135,339元/平"
西城月坛北街    月坛北街   两居室,49.4平米,760,"153,847元/平"
德外马甸裕中西里 明厨明卫三居室 高层视野好,89.3平米,1230,"137,738元/平"
锦官苑10号楼客厅看花园视野好，精装修，诚心出售,182.68平米,2980,"163,127元/平"
小区中间不临街，前后花园，前后没遮挡,135.93平米,1650,"121,387元/平"
闹中取静 正规三室一客厅 采光好 满五年唯一住房,79.8平米,1020,"127,820元/平"
广外南街50号院 西南三居 诚心出售 央产房,116.04平米,1150,"99,104元/平"
新安中里 2004年板楼 南北通透 一梯两户 高层采光好,117.13平米,1310,"111,842元/平"
中铁六局央产房，电梯直达，满五年唯一，精装修,100.7平米,918,"91,162元/平"
源屋曲 3室2厅 南 北,144.54平米,1580,"109,313元/平"
西城区二环内采光好 中间层近地铁 满五年唯一 央产房,93.89平米,1150,"122,484元/平"
二环内 三线地铁环绕 商品房三居,119.99平米,990,"82,507元/平"
满五年 唯一 商品房 业主诚心出售,119.18平米,999,"83,823元/平"
新康街甲一号  满五唯一商品房 带车位 看房方便,94.95平米,1100,"115,851元/平"
新风南里，楼龄新，大面积，低单价，成本价优惠价性质,111.4平米,1375,"123,430元/平"
西单天安国汇  70年商品房 高层南向 采光好 视野开阔,134.42平米,1330,"98,944元/平"
金融街 丰汇园 南北三居挂东窗  期待有缘人,126.3平米,2270,"179,731元/平"
机械部汽南小区 通透 采光好 无遮挡 精装修,51.2平米,730,"142,579元/平"
马连道西里 东西两居室 精装修 自住,54.23平米,488,"89,988元/平"
铁二区带电梯精装南向一居 满五年 明厨明卫 高楼层,38.9平米,680,"174,808元/平"
小红庙 2室1厅 南 北,51.41平米,508,"98,814元/平"
教场口街9号院2003年电梯房,73.88平米,888,"120,195元/平"
西城区红居南街南北通透满五唯一看房随时不受非普限制,64.61平米,518,"80,174元/平"
二环内 东向两居 低楼层 满五年唯一  看房随时,50.08平米,499,"99,641元/平"
长椿街 有电梯 采光充足 视野开阔 有钥匙 随时看房,54.25平米,575,"105,991元/平"
西城马甸三室两卫 有电梯楼龄新 停车方便 中直管理好,119.05平米,1780,"149,518元/平"
德外大街乙12号院满五唯一出行方便能停车,71.2平米,850,"119,383元/平"
展览路 车公庄 南北两居室 采光充足 交通便利,57.8平米,630,"108,997元/平"
新街口东街，三居精装修，高层采光好，业主诚心出售,71平米,899,"126,620元/平"
物资部大院 南北向 两居室 全明格局,47.4平米,710,"149,790元/平"
展览路全明格局一室一厅电梯直达满五唯一，购房成本低,44.9平米,579,"128,954元/平"
二环内  白广路  6号院，钢铁设计院 满五唯一 央产房,61.76平米,535,"86,626元/平"
西直门地铁精装南北中间层，财政部央产，阳光好无遮挡,61.7平米,685,"111,022元/平"
陶然亭畅柳园+南北通透两居+满五年无抵押+有电梯,65.79平米,710,"107,920元/平"
红居南街 中间楼层，看房随时， 诚心出售,49.25平米,440,"89,341元/平"
产权清晰中间楼层诚意出售价格可谈,50.45平米,460,"91,180元/平"
二环内  钢铁设计院  白广路6号院， 满五年   央产房,54.32平米,525,"96,650元/平"
西城  广安门外 广华轩 精致三居室,106.36平米,920,"86,499元/平"
南北通透大三居全明格局南礼士路公园旁,81平米,1080,"133,334元/平"
西四北大街160号  西四北大街   160,58.9平米,860,"146,011元/平"
二环内，长椿街、90年电梯直达，满五年正规三居,70.5平米,660,"93,618元/平"
西城展览路大两居  全明格局中间层 精装修可拎包入住,65.4平米,750,"114,679元/平"
六铺炕三区满五唯一 一层田字格三居,87.8平米,990,"112,757元/平"
商圈聚焦优选 南北通透 270°采光 全明格局 有停车场,66.3平米,830,"125,189元/平"
冠英园小区 东西朝向 带电梯 两居室,63.9平米,865,"135,368元/平"
马甸南村带电梯 南北向 精装修两居 诚心出售了,65.9平米,838,"127,163元/平"
宣武门 庄胜二期 东西北向两居 对小区花园不临街,81.2平米,1130,"139,163元/平"
馨莲茗园 东北向二居，高楼层没遮挡,81.16平米,780,"96,107元/平"
店长推荐：新外大街甲8号院   满五年商品房  诚心出售,61.1平米,768,"125,696元/平"
广安门 乐城 两居室 户型方正 商品房 近地铁16号线,92.61平米,766,"82,713元/平"
铁二区 精装修 中间楼层 采光视野好 无遮挡,57.8平米,828,"143,253元/平"
店长推荐 西便门外大街西里 月坛 南礼士路地铁,68.2平米,808,"118,476元/平"
红莲南里 田字格户型三居 双卧朝南采光充足满五年唯一,70.7平米,670,"94,767元/平"
16号线红莲南路站300米 3层 满五唯一 95年正规两居,60.13平米,468,"77,832元/平"
凌云居西南向正规满五唯一商品房,84.26平米,780,"92,571元/平"
中信城三期北区 2014年交的房,90.48平米,1530,"169,099元/平"
西城区 两居室 楼层好 满五年 配套完善,49.78平米,465,"93,412元/平"
权盛里 满五年 低楼层南向一居 工行家属楼 随时签约,42.38平米,410,"96,744元/平"
广安苑一期 满五唯一单位分房 低楼层 好小区,34.26平米,435,"126,971元/平"
马甸南村  满五唯一成本价  户型方正   靠谱签约,79.4平米,1080,"136,021元/平"
丽水莲花满五年唯一 景观房，视野开阔,93.9平米,1099,"117,040元/平"
右安门内大街 2室1厅 南,60.61平米,628,"103,614元/平"
陶然亭有电梯明厨明卫 挨着公园医院地铁7号线和8号线,55.12平米,554,"100,508元/平"
荣丰二期精装复式，看房方便，随时签约,26.43平米,408,"154,371元/平"
西豪逸景，西南向，居家两居室，满五年唯一,76.56平米,736,"96,134元/平"
西便门西里 电梯楼 正规三居室 户型方正,80.84平米,786,"97,230元/平"
总监推荐位置好安静装修好满五年,72.65平米,740,"101,859元/平"
朝阳庵 南北通透 全明格局两居室 满五年单位分房,55.5平米,550,"99,100元/平"
真武庙三居，南北通透，采光好，出行方便,63.4平米,820,"129,338元/平"
三里河东路，月坛公园，玉渊潭公园，两居室带电梯,86.3平米,1080,"125,145元/平"
爱民里 低楼层 看房方便 随时签约 采光充足 价格可谈,57.8平米,820,"141,869元/平"
海淀
满五年，采光好，有电梯，不临街，可用公积金,79.4平米,750,"94,459元/平"
永泰园南向大三居，户型好没浪费，看法方便。,159.12平米,968,"60,835元/平"
世纪新景 高楼层，精装修，三居室明卫,154.81平米,1510,"97,539元/平"
恒润中心 4室2厅 北,169.24平米,558,"32,971元/平"
乐府江南 小区南北通透两居室 看房方便,105.8平米,1099,"103,876元/平"
圆明园西路3号院 2室1厅 南,55.2平米,490,"88,769元/平"
北无宿舍 精装南北两居 中间楼层 满五唯一95年,64.2平米,640,"99,689元/平"
双榆树东里，满五年的单位分房，不临街，优质两居室,49.5平米,525,"106,061元/平"
中间楼层，采光好，布局合理，无浪费，无遮挡,50.3平米,505,"100,398元/平"
红联北村单价低的三居，央产房，带储物间，看房方便,81平米,620,"76,544元/平"
【总监推荐】清河 永泰东里 户型方正两居 近地铁急售,73.12平米,438,"59,902元/平"
中关村 黄庄小区 电梯房 央产房 大客厅三居室,127.1平米,1700,"133,753元/平"
永金里小区 满五唯一商品房 30万精装修三居 随时可看,120.99平米,889,"73,478元/平"
田村山南路9号院 南北三居室 满五年唯一 不临街 诚售,83.71平米,618,"73,827元/平"
牡丹园 南北2居室 客厅带明窗 精装修 满五年一套诚售,62.6平米,600,"95,847元/平"
乐府江南 137.23平米三居，中高层 无遮挡 满五年唯一,137.23平米,1480,"107,849元/平"
知春路82号院板楼四居已经加装完电梯,90.2平米,1230,"136,364元/平"
恩济庄46号院 有电梯三居室 格局方正楼层好,117.1平米,810,"69,172元/平"
学院路品质社区 安静舒适 此房光线充足 南北皆为绿化,129.66平米,1315,"101,420元/平"
美丽园一期 新出 南北通透大3居 中间楼层 采光无遮挡,144.1平米,1650,"114,504元/平"
北蜂窝63号院 南北通透三居室 周边配套齐全,81.13平米,820,"101,073元/平"
阜成路甲52号院航天桥阜成路明厅南向采光好,81.61平米,665,"81,486元/平"
金谷园南北通透高采光央产大两居,95.04平米,969,"101,958元/平"
积水潭 新街口 小西天  南北全明三居室，满五年唯一,66.3平米,515,"77,678元/平"
【总监推荐】双榆树大泥湾 中间层南北通透 精装修,54.92平米,631,"114,895元/平"
新外大街3号院 有研大院 满五唯一 近地铁 车位充足,76.6平米,660,"86,162元/平"
万泉庄1号院，总价不高的两居，能谈。户型好，朝向好,57.5平米,489,"85,044元/平"
砂轮厂宿舍新上正规南向一居室能两居室,49.08平米,340,"69,275元/平"
南北通透两居，中间位置。好楼层，无遮挡，采光好。,69.05平米,468,"67,777元/平"
钓鱼台央产 使用率78% 全南大2居 视野采光好 干净整洁,83.77平米,890,"106,244元/平"
增光路 南北通透 满五年唯一 中间层 无遮挡,74.64平米,699,"93,650元/平"
西苑100号南一院 南北两居室 光线好 充足,54.5平米,555,"101,835元/平"
铁东小区 楼层好户型方正，带电梯。,83.7平米,769,"91,876元/平"
清河 永泰西里 临地铁 南北中间层两居室 采光好无遮挡,57.98平米,460,"79,338元/平"
田村48号院 精装修 中间楼层 两居室 商品房,61.2平米,439,"71,733元/平"
魏公村，中间层，满五年唯一，采光无遮挡，安静不临街,54.5平米,530,"97,248元/平"
望塔园精装一居室，目前格局做两居室,65.57平米,599,"91,353元/平"
北京印象 朝南 不临街 采光好 满五唯一两居室,107.42平米,960,"89,369元/平"
西三环半别墅+洋房+明卫+带车位+慈寿寺双地铁+安静,120.5平米,1435,"119,088元/平"
玉海园二里满五年商品房园中园楼龄新精装修,124.12平米,848,"68,321元/平"
文成杰座南北通透三居室采光视野佳,134.18平米,1358,"101,208元/平"
新上一层洋房 带独立书房和保姆间 两年内自住精装修,143.96平米,1470,"102,112元/平"
南北向三居，板楼有电梯，近地铁，中间位置，满五唯一,101.2平米,895,"88,439元/平"
正规一居室，精装修，2010年建成，采光充足，高楼层,63.29平米,610,"96,382元/平"
知春路地铁站两居室两卫单价低价格可谈,106.47平米,865,"81,244元/平"
09年中海学院派 精装修2居室 看房方便 满五年唯一,61.03平米,539,"88,318元/平"
北洼西里满两年成本低，东南向明厅两居，婚房精装修,74平米,755,"102,028元/平"
满五年唯一，精装修拎包入住，2003年带电梯,115.04平米,669,"58,154元/平"
【区域聚焦】双榆树西里 南北通透 中间层 明厨明卫,58.54平米,649,"110,865元/平"
铁东小区 ，楼层好户型方正，带电梯，精装修。,66平米,636,"96,364元/平"
知春路蓟门桥 南北通透两居室 高楼层 采光好 看房方便,56平米,498,"88,929元/平"
春晖园 满五年唯一商品房  有钥匙  南北通透两居室,76.4平米,579,"75,786元/平"
北洼西里 交通便利 周边配套完善 紫竹桥 有地铁公交,80.9平米,760,"93,944元/平"
满五唯一 南北通透 婚房装修 产权清晰 不临街 诚心卖,97.24平米,543,"55,842元/平"
全新装修 1997年楼龄 带大客厅 安静不临街,61.2平米,599,"97,876元/平"
建西苑南里 2室1厅 南 北,77.09平米,547,"70,957元/平"
农影小区电梯三居室 2000年楼龄 农科院,92.33平米,1190,"128,886元/平"
田村41号院 南北两居 安静不临街,50.1平米,399,"79,641元/平"
新上 双榆树北里 南北通透 明厨明卫 带客厅！,63.9平米,770,"120,501元/平"
小区中间，户型方正，光线好；园区总价 低两居室,73.59平米,759,"103,140元/平"
海淀示范小区志强北园 独门独院 精装修看房方便,40.5平米,340,"83,951元/平"
小营东路5号院满五唯一，南北通透，1996年，空房,54.1平米,385,"71,165元/平"
海淀产权 商品房 三嘉信苑  带电梯 满五唯一,69.73平米,328,"47,039元/平"
定慧福里北区 电梯直达 满五唯一 看房方便 近地铁,78.73平米,730,"92,722元/平"
清华大学对过，明厨明卫，南北两居，小区中间不临街,60.8平米,670,"110,198元/平"
五棵松东南，层高2.8米今日家园商品房一居，看房方便,64.16平米,570,"88,841元/平"
八里庄北里 满五唯一 电梯直达 双地铁 西山风景,73平米,572,"78,357元/平"
清河 莱圳家园 南向两居室 中间楼层   精装修,73.6平米,769,"104,484元/平"
西三环北路86号院  航天桥 电梯直达,55.3平米,560,"101,266元/平"
首师大东校区 2室1厅 东 西,53.3平米,480,"90,057元/平"
定慧福里南区 高楼层 南北通透 满五年,97.29平米,950,"97,647元/平"
太阳园西南双卫明亮两居室，看房有钥匙,97.61平米,1150,"117,816元/平"
普惠南里双南向有钥匙看房方便 满五年唯一,50.4平米,530,"105,159元/平"
五棵松 2019年小区 精装交房 人车分流,51.24平米,775,"151,250元/平"
北京印象 金地物业 南向 中间层 人车分流,94.14平米,680,"72,233元/平"
复兴路32号院 南北通透 3居室 低楼层,61.9平米,525,"84,815元/平"
静淑苑 精装修 中间层 南北通透 两居室 满五年唯一,68.3平米,739,"108,200元/平"
永定华庭 满五年 诚意出售 精装修 拎包入住 看房随时,67.07平米,620,"92,441元/平"
环保局宿舍楼 南北通透全明格局 满五年唯一,63.3平米,540,"85,309元/平"
五棵松，永金里小区带电梯南北三居,131.99平米,855,"64,778元/平"
领秀新硅谷1号院洋房四居满五唯一诚意出售,146.98平米,1499,"101,987元/平"
育新花园一期塔楼带电梯中高层采光好三室两厅正对公园,102.6平米,790,"76,999元/平"
航天桥，西钓鱼台观河，昆玉河畔，6.5米面宽，高层,150.26平米,1840,"122,455元/平"
熙湖小区 海淀区西四环 花园水系 低密度人文社区,173.29平米,1500,"86,561元/平"
水清木华园 三居室 南北朝向 满五年 采光视野无遮挡,148.56平米,1780,"119,817元/平"
玉阜嘉园 店长主推房源 随时签约 10/12层 采光视野好,126.88平米,870,"68,569元/平"
小营东路7号院首付260万就够，正规3居室，空置有钥匙,106.19平米,748,"70,440元/平"
柳林馆 3室1厅 南 北,82.5平米,968,"117,334元/平"
万柳阳春光华南北通透四居 双卧朝南 高楼层 视野开阔,158.65平米,2279,"143,650元/平"
远大园三区西边户南北大四居室园区中间,160.36平米,1990,"124,096元/平"
金玉府高层南北大三居室，观山观水景，景色秀美,137.09平米,1330,"97,017元/平"
客厅挑高4.2米   明厨明卫  大客厅整体大玻璃,246.53平米,2799,"113,536元/平"
观林园主推 主打户型三居 中间楼层 电梯直达 靠谱签约,140.04平米,1180,"84,262元/平"
玉海园满五唯一电梯三居室 中高楼层 南向,125平米,1020,"81,600元/平"
高层采光好 板楼南北通透四居 眼镜户型 带车位,205平米,1730,"84,391元/平"
智学高楼层精装大三居拎包入住的,128.21平米,755,"58,888元/平"
莲宝路10号院，海淀产权，南北复式结构，业主诚意出售,84.7平米,550,"64,936元/平"
玫瑰御园 精装大三居室 中间楼层 靠谱出售,157.74平米,1750,"110,943元/平"
林语公馆 满五唯一 高楼层 有钥匙 价格可谈,146.79平米,858,"58,451元/平"
《好房推荐》宝盛里满五年唯一，中间层南北通透两居室,85.69平米,540,"63,018元/平"
海淀产权 中关村软件园东侧 联排别墅,297.11平米,2090,"70,345元/平"
田村山南路9号院 南北通透三居室 不临街 含储藏间,114.72平米,840,"73,222元/平"
大区聚焦！华清嘉园 三居室 东南北朝向 商品房大院,116.13平米,1525,"131,319元/平"
万柳 碧水云天 270°观景四居 精装修 单价14万还可谈,199.59平米,2800,"140,288元/平"
阳春光华枫树园全南向二居室  带双卫生间 看房有钥匙,121.09平米,1438,"118,755元/平"
甘家口。南北三居，南北通透，视野好，采光充足,163平米,1390,"85,277元/平"
阜光里小区 复式四居室 诚心出售 看房有钥匙！！！,129.1平米,1160,"89,853元/平"
新上 满五唯一 去年新装修 电梯直达车库 朝南一居,46.24平米,470,"101,644元/平"
北京舞蹈学院全南两居室  精装修高楼层 挂电梯,60.7平米,649,"106,920元/平"
皂君东里 中间层  满五 不临街 南向没遮挡,50.6平米,480,"94,862元/平"
蓟门南里 南北通透 明厨明卫 精装两居室 采光视野好,61.2平米,475,"77,615元/平"
中国房子 高楼层 不临街南北大两居 近地铁 视野好,112.6平米,900,"79,929元/平"
七贤村满五年唯一楼龄新环境好不临街交通便利配套齐全,57.8平米,533,"92,215元/平"
万科物业，建设部大院，央产房，楼龄新，有电梯,40.6平米,530,"130,542元/平"
郦城三区中间楼层板楼南北两居室采光无遮挡,98.38平米,1139,"115,776元/平"
海淀区恩济里小区南北通透两居室,57.48平米,560,"97,426元/平"
莱圳家园二居，全南向观景房，满五年唯一采光视野好,74.91平米,755,"100,788元/平"
宝盛北里南向一居室，满五年唯一商品房。,62.47平米,435,"69,634元/平"
强佑清河新城府学上院 1室1厅 北,62.35平米,435,"69,768元/平"
蓟门里北区两居室 采光好 满五唯一 精装修 南北通透,58.3平米,495,"84,906元/平"
玉泉路16号院中间楼层南北通透三居,69.4平米,575,"82,854元/平"
五道口 华清嘉园 满五唯一三居室 楼下小区花园,150.54平米,2080,"138,170元/平"
西南大三居 户型方正 视野开阔 看房方便,102.7平米,898,"87,440元/平"
紫竹院公园旁三虎桥 满五年央产房  45.5平米两居室,45.5平米,415,"91,209元/平"
万寿路1号院业主诚心出售看房随时有钥匙,60.6平米,530,"87,459元/平"
金沟河5号院 低楼层 南北通透 前方无遮挡 诚心出售,68.9平米,560,"81,278元/平"
七贤村近地铁南北通透明厨明卫田字格户型3居,77.3平米,770,"99,612元/平"
科育小区 低楼层 西南向两居室 诚意出售,65.32平米,830,"127,067元/平"
永定路57号院，航天二街坊，满五唯一央产，2层不临街,42.3平米,368,"86,998元/平"
西直门小西天商圈，中高楼层，采光充足，满五唯一,63.3平米,568,"89,732元/平"
国家图书馆对面 有电梯，精装修可拎包，可以观西山,47.9平米,475,"99,165元/平"
万寿路电信宿舍 中楼层 南北通透一居室,41.1平米,420,"102,190元/平"
铁路医院家属院  东向一居室 中间层,40.6平米,399,"98,276元/平"
公主坟翠微万寿路，颐源居小区小一居室，购房成本低,50.33平米,575,"114,246元/平"
康桥水郡西向一居室 30万新装修未入住 正对小区花园,49.08平米,750,"152,812元/平"
橙色年代  西南两居室 诚心出售,96.74平米,700,"72,359元/平"
发改委家属楼  南北3居室  精装修,87.73平米,999,"113,873元/平"
建材城西二里 南北通透两居室 满五唯一精装修诚意出售,63.01平米,384,"60,943元/平"
西直门积水潭双地铁有电梯三居大客厅中高楼层满五唯一,80.04平米,795,"99,326元/平"
西三旗建材城西路39号院北新家园,54平米,350,"64,815元/平"
建设部大院 南北通透 三居带明厅电梯直达,92.39平米,1050,"113,649元/平"
清缘东里满五唯一景观房，中间楼层视野好,80.17平米,645,"80,455元/平"
金沟河3号院，南北通透，满五年唯一,62.62平米,575,"91,824元/平"
此房成本价住房，靠谱出售，视野好，无遮挡，诚意出,59.3平米,428,"72,176元/平"
万寿路西街9号 低密度 板楼  大平层,102.63平米,1225,"119,361元/平"
八宝庄南北通透板楼3层格局方正的3居室,66.3平米,578,"87,180元/平"
新康园电梯三居，业主变现诚售，高楼层，采光好,123.58平米,618,"50,009元/平"
南北两居 采光充足 一层不用爬楼,70.39平米,585,"83,109元/平"
定慧西里 3室1厅 东 南 北,81.8平米,660,"80,685元/平"
田村40号院南北通透两居 生活便利 业主诚售 停车方便,67.5平米,410,"60,741元/平"
朝阳
北苑满五年唯一，南北通透板楼，双卫，双阳台，高层,153.47平米,815,"53,105元/平"
望京西园三区新上，南北四居，阳台俯瞰小区花园全景。,218.17平米,1200,"55,003元/平"
峻峰华亭 跃层灵动格局 私密性好 停车位充足 四环内,161.68平米,820,"50,718元/平"
满五唯一。无抵押户口，临河明卫，南北三居，诚意出售,150.12平米,755,"50,294元/平"
柳芳南里 3室1厅 南 北,88.77平米,760,"85,615元/平"
和乔丽晶一期 低密度板楼 中间楼层诚意出售,167.66平米,990,"59,049元/平"
满五唯一，南北通透 错层三居，不临街 采光好,172.17平米,730,"42,400元/平"
中直小区，管理不错，全明格局，交通便利，配套齐全,72.22平米,720,"99,696元/平"
和平街十一区 2室1厅 南,62.14平米,580,"93,338元/平"
高楼层  前后不临街看花园安静,137.91平米,1420,"102,966元/平"
延静里 金台路地铁站南北通透精装两居室,64平米,399,"62,344元/平"
樱花园 满五唯一 中间层 小区中间位置 近地铁,61.3平米,470,"76,673元/平"
本房户型方正，三面朝阳，正规一居室，首套首付113万,56.08平米,252,"44,936元/平"
总监聚焦全明格局南北两居+满五唯一+南向客厅采光足,96.98平米,925,"95,381元/平"
安贞里精装三居，干休所单独管理，大客厅，精装修,68.88平米,599,"86,963元/平"
人民日报家属区环境简介及房屋现状介绍,65.64平米,550,"83,791元/平"
采光好 视野好 老业主诚心卖  有钥匙随时看房,89平米,439,"49,326元/平"
秀水园 带电梯 全明格局 精装修,58.04平米,326,"56,169元/平"
华纺易城 中间楼栋 高楼层 1梯2户 南北通透,138.03平米,1120,"81,142元/平"
和平街十二区化工部家属院 南北通透两居室,59.13平米,458,"77,457元/平"
美景东方 满五年唯一 采光足 有车位 全明格局 无遮挡,77.15平米,570,"73,883元/平"
总监推荐 首付77万 南北两居 全明格局 满五年唯一,58.69平米,206,"35,100元/平"
曙光里 南北通透 全明格局三居 小区安静 看房有钥匙,77.4平米,510,"65,892元/平"
客厅正挑高6米，俯瞰朝阳公园和国贸，满五唯一保养好,288.65平米,2980,"103,240元/平"
英特公寓，人车分流，一梯两户，高楼层采光视野棒。,227.33平米,1300,"57,186元/平"
银枫家园通透四居，观景望京soho和公园,215.29平米,899,"41,758元/平"
南北通透大三居，中间楼层前后观景。,137.37平米,630,"45,862元/平"
尚家楼 高层 全明格局 南北通透三居,88.04平米,737,"83,712元/平"
慧忠北里第三社区 经典三居室 管理好 临公园,115.78平米,750,"64,779元/平"
弘善家园  满五唯一  正规三居室,89.08平米,435,"48,833元/平"
板楼两梯两户带阳台 次顶视野好看房有钥匙 采光通风好,169.59平米,799,"47,114元/平"
双井首城国际 全新装修南北三居室,89.77平米,930,"103,599元/平"
金泰先锋北区 小区中间位置  前后不临街 可观小区花园,129.49平米,1100,"84,949元/平"
汇园公寓 南北通透 精装3居  2卫 高层观景,134.54平米,990,"73,585元/平"
08年社区 刷卡入户 正规三居室 无斜角 地暖 正南北,153.92平米,1430,"92,906元/平"
满五年家庭名下无二套，全明格局，靠谱出售,135.41平米,1067,"78,798元/平"
区域主推 南北通透两居室 地铁边上 大众楼层 诚意出售,66.32平米,307,"46,291元/平"
农光南路 精装 满五唯一 大客厅 不临街 两居室,54.05平米,285,"52,729元/平"
传媒大学  电建北院   正规大两居  随时交房,70.96平米,345,"48,619元/平"
满五年唯一  可贷款550万  业主1个月内必须卖 急售,108.88平米,1050,"96,437元/平"
满五唯一，集中供暖，近地铁6号线褡裢坡，南向开间,41.44平米,220,"53,089元/平"
户型方正 满五年唯一  电梯房 无抵押 随时可交易,63.03平米,470,"74,568元/平"
北京新天地二期 中间层 位置安静 正看水系花园,101.64平米,539,"53,031元/平"
安贞西里南北通透，全明格局，3层，满五唯一不临街,57.15平米,514,"89,939元/平"
上新：高层 双卫 四方块户型 看景采光 不在天井里,95.36平米,939,"98,469元/平"
金隅康惠园1号院，集中供暖，一梯两户,88.13平米,395,"44,821元/平"
6号线十里堡晨光家园西南两居 满五唯一有钥匙,82.58平米,495,"59,942元/平"
总监推荐 奥森公园 正规3居 有电梯 近地铁,122.69平米,560,"45,644元/平"
大套内大窗户全南福润四季A区两居,75.3平米,335,"44,489元/平"
和平街十区 2室1厅 南 北,66.4平米,540,"81,326元/平"
总监推荐  凯景大两居 2001年楼龄 下楼就是公园,137.93平米,1058,"76,706元/平"
此房诚意出售 全南向一居室 看房随时 价格能谈,44.38平米,305,"68,725元/平"
尚家楼48号院 南北通透 全明格局 精装 满五年唯一,59.04平米,435,"73,679元/平"
华威西里  高楼层 南向一居室 小区方便停车,44.3平米,246,"55,531元/平"
双柳新居，南北通透，楼龄新，采光好，业主诚售,59.63平米,207,"34,715元/平"
南平里 1室1厅 南,41.47平米,140,"33,760元/平"
汇景苑二区 2室1厅 南 北,81.1平米,415,"51,172元/平"
双兴小区 满五唯一成本价出售住房 有电梯 1998年钢混,70.58平米,406,"57,524元/平"
花园闸小区 2室1厅 南 北,57.18平米,240,"41,973元/平"
东大桥东里 南北通透三居 两个卫生间 联系我随时可看,83.77平米,650,"77,594元/平"
翠成馨园E区 2室1厅 东 南,90.03平米,379,"42,098元/平"
西坝河东里：大三居，户型方正，有钥匙随时看,85.23平米,620,"72,745元/平"
2层   南北通透   采光好   满五年成本价,57.74平米,585,"101,317元/平"
户型方正 正规两居 高楼层 采光好 视野宽阔 诚心出售,76.53平米,415,"54,228元/平"
总监推荐！！首开畅心园，满五唯一,70.27平米,300,"42,693元/平"
华威西里 满五年唯一 朝南向 商品房,44.25平米,208,"47,006元/平"
本房满五唯一，高楼层看西山无遮挡，视野好，户型方正,91.32平米,758,"83,005元/平"
高原街  满五唯一  南北2居室  中间楼层 全天采光,57.77平米,488,"84,473元/平"
望京西园满5唯一两居，无抵押、不临街、一梯两户,92.51平米,528,"57,075元/平"
安贞里 冶金部央产 满五唯一 南北通透三居室,68.34平米,575,"84,139元/平"
高家园南向两居室  无遮挡 采光好 看房方便,57.6平米,265,"46,007元/平"
劲松一区 3室1厅 南 北,59.49平米,319,"53,623元/平"
花园小区 双卧朝南 精装修 带充电车位 业主诚心出售,59.03平米,346,"58,615元/平"
中间位置 满五年唯一 高楼层 视野佳 采光好 正对花园,65.54平米,335,"51,114元/平"
冬天来了，这套房子的采光和通透性没得说，满五年唯一,80.46平米,395,"49,093元/平"
京师园 南北通透 户型方正 有车位,89.78平米,929,"103,476元/平"
"朝阳垡头翠成馨园B区,满五唯一，南北通透三居室",124.09平米,539,"43,437元/平"
美景东方 南北板楼 前后不临街楼间距大 采光好,97.11平米,618,"63,640元/平"
中间楼，静谧无遮挡【满五唯一，朝南阳光大宅】诚售！,76.68平米,718,"93,636元/平"
枣营北里 电梯房 西南向带大客厅 满五年唯一 精装修,62.26平米,499,"80,148元/平"
芍药居北里通透两居室，大阳台，住着很舒服,65.3平米,520,"79,633元/平"
东三环 双井 商品房 满五唯一 精装高层大两居 不临街,103.55平米,606,"58,523元/平"
新上花家地小区三居室满5年唯一南向3层明厨明卫,80.38平米,425,"52,874元/平"
恒大御景湾次新房社区 满五年唯一 高层,89.9平米,425,"47,275元/平"
晨光家园A区 东南向 高层两居 视野采光好 诚意出售,84.91平米,538,"63,362元/平"
朝阳门南大街 市委家属楼 满五 层高2.75米,63.12平米,445,"70,501元/平"
此房是全南的两居室，采光好没有遮挡，楼龄新近地铁,99.79平米,648,"64,937元/平"
满五年唯一，南北通透，中间层，采光好不临街，急售,54.13平米,285,"52,652元/平"
天鹅湾经典东南大两居 客厅挑高3.8米 采光好 视野开阔,134.07平米,1080,"80,555元/平"
太阳宫 西坝河北里 精装修 带电梯 出行方便,77.52平米,605,"78,045元/平"
东大桥路，满五唯一，双南向电梯房，采光好，视野好,61.8平米,470,"76,052元/平"
禧福汇 2室1厅 南 北,102.43平米,940,"91,770元/平"
恒大御景湾 3室1厅 南 北,89.92平米,425,"47,265元/平"
本房视野开阔，正对隔壁小区的花园，小区中间位置,98.89平米,519,"52,483元/平"
三元桥 南北通透两居室带客厅 1992年板楼,61.01平米,388,"63,597元/平"
松榆西里 精装修两居 3楼采光好 有车位,59.68平米,355,"59,484元/平"
嘉铭优质两居室，楼层高，采光好，视野开阔,111.31平米,910,"81,754元/平"
清友园精装修两居  采光好  没有遮挡,91.35平米,508,"55,611元/平"
甜水园街南北通透两居 满五年唯一  楼层好,56.29平米,310,"55,072元/平"
2010年带电梯 3居变2居 次顶高层 独门独户 可望西山,123.87平米,495,"39,962元/平"
西坝河东里 满五唯一 双朝南 低楼层 精装修,50.04平米,450,"89,929元/平"
金隅丽景园 1室1厅 西,49.77平米,212,"42,596元/平"
润泽公馆 精装修三居室 满五唯一 随时签约,111.75平米,1050,"93,960元/平"
全国政协宿舍 满五唯一 南北通透 中间楼层 安静小区,81.02平米,585,"72,205元/平"
华威西里 精装修 满五唯一 商品房,50.78平米,220,"43,325元/平"
金隅凤麟洲 南北通透 两居室 中间楼层没遮挡,105.1平米,810,"77,070元/平"
华龙美树，地铁1号线双桥站，精装南向复式，满五唯一,120.75平米,678,"56,150元/平"
珠江帝景C区 南北四居室 中间位置中楼层 观花园,143.89平米,1500,"104,247元/平"
南北通透大三居带阳台 明厨明卫户型，业主急售！,141.99平米,649,"45,708元/平"
东直门外 全南向、精装修大三居 单价才5.6万 满五唯一,195.99平米,1098,"56,024元/平"
南北通透无遮挡，一梯两户，三面朝阳，满五年，商品房,141.58平米,560,"39,554元/平"
满五唯一仅契税 二次装修 全景朝阳公园 安静采光好,168.4平米,1600,"95,012元/平"
观湖四居 客厅六米挑高 高楼层景观 满五唯一,289.08平米,2960,"102,394元/平"
欧陆经典北院 装修好 老业主诚意卖 楼的位置好,150.4平米,1055,"70,147元/平"
潘家园 北工大 商圈  近地铁 格局方正 两居室,69.2平米,385,"55,636元/平"
北苑家园清友园 南北通透三居室 中间楼层,161.28平米,838,"51,960元/平"
渤海家园优质三居，满五唯一，采光充足，物业管理好。,123.95平米,830,"66,963元/平"
新上，慧忠里B区中石化自管楼，南北三居室带电梯,97.57平米,880,"90,192元/平"
团结湖北五条全明格局南北通透多两个西边窗户格局少见,59.59平米,366,"61,420元/平"
就是诚意   位置 位置  位置,47.41平米,280,"59,060元/平"
此房是小区在售板楼户型南向两居室，两梯五户钢混结构,83.8平米,520,"62,053元/平"
南沙滩小区 2室1厅 东,76平米,570,"75,000元/平"
西坝河东里  双朝南 满五唯一采光好,64.38平米,456,"70,830元/平"
澳洲康都 正对花园2梯4户 满五唯一,87平米,818,"94,023元/平"
远洋一方北润园 明厨明卫三居 中高层 满五年v一，诚售,115.48平米,698,"60,444元/平"
润泽悦溪 小区中间位置 满五年 商品房 看房方便,88.81平米,805,"90,643元/平"
和平街十四区 一层出入方便 满五唯一商品房,36.08平米,323,"89,524元/平"
垡头西里二区 2室1厅 南,58.53平米,252,"43,055元/平"
丝竹园（改造完毕）电梯小两居 精装修 随时看房,57.69平米,378,"65,523元/平"
国展 三元桥  带个大客厅 交通出行方便 业主诚心出售,63.24平米,439,"69,419元/平"
芍药居北里，优质全南2居，精装修，满五唯一还带电梯,74.1平米,722,"97,436元/平"
小关北里满五年唯一，楼层10层采光好，卫生间朝北有窗,78.73平米,598,"75,956元/平"
八里庄北里小区 高层2居室 采光好视野好 诚意出售,68.45平米,380,"55,515元/平"
CBD地铁1号线6号线22号线东四环八里庄西里东南两居,73.68平米,399,"54,154元/平"
此房满五年唯一 无抵押  南北向 10号线三元桥,56.34平米,295,"52,361元/平"
圣馨大地诚意出售西向两居室，看房随时，采光充足,112.75平米,745,"66,076元/平"
北京科委分房-近306医院-97年钢混-电梯直达-双南两居,75.57平米,635,"84,029元/平"
珠江绿洲聚焦房，双卫小三居，临河观景视野无遮挡！,118.61平米,568,"47,889元/平"
南十里居 南北通透 户型方正 随时可以看,56.88平米,280,"49,227元/平"
新上！中楼层！边户！朝阳公园双地铁,66.38平米,460,"69,298元/平"
双地铁，南向两居室，采光充足，中间层,57.44平米,328,"57,104元/平"
满五唯一 明厨明卫 南北通透  安静不临街,102.35平米,820,"80,118元/平"
花家地西里 电梯 两居室 好户型 满五唯一,73.95平米,520,"70,318元/平"
沿海赛洛城五期 南向高层两居室 采光好 精装修,96.35平米,565,"58,641元/平"
双轨加持（1+22）东南两居 看房随时，价格可谈,91.64平米,556,"60,673元/平"
朝阳新城五区 满五唯一 南北通透 户型方正 中间楼层,85.79平米,429,"50,006元/平"
和平街十一区  电梯房 南向两居室,64.67平米,520,"80,409元/平"
南太平庄北巷 正规一居室 无遮挡 视野采光好,50.33平米,270,"53,646元/平"
小关北里 新上南北通透 卧室双南两居室 满五年央产房,74.52平米,618,"82,931元/平"
国贸大望路，满五唯一精装南北通透两居，看了的都喜欢,70.41平米,416,"59,083元/平"
